{
    "best_individual": [
        [
            0,
            1,
            2,
            3,
            4,
            5,
            24,
            6
        ],
        [
            6,
            24,
            5,
            29,
            28,
            27
        ],
        [
            7,
            8,
            23,
            10,
            11,
            9
        ],
        [
            0,
            1,
            2,
            3,
            4,
            28,
            27
        ],
        [
            0,
            1,
            2,
            3,
            29,
            4
        ],
        [
            11,
            8,
            9,
            23,
            22,
            7
        ],
        [
            22,
            7,
            9,
            11,
            23
        ],
        [
            17,
            16,
            15,
            19,
            18
        ]
    ],
    "d0": 19.11362225067272,
    "d1": 0.32006807675500804,
    "d2": 0.0,
    "dun": 80.56630967257227,
    "att": 5856.132400855559,
    "trl": 5462.0,
    "final_fitness": 0.01707611665087872
}