{
    "best_individual": [
        [
            0,
            1,
            2,
            3,
            4,
            5,
            24,
            6
        ],
        [
            6,
            24,
            5,
            29,
            28,
            27
        ],
        [
            22,
            7,
            8,
            23,
            10
        ],
        [
            0,
            1,
            2,
            3,
            4,
            28,
            27
        ],
        [
            0,
            1,
            2,
            3,
            29,
            4,
            5
        ],
        [
            11,
            8,
            9,
            23,
            22,
            7
        ],
        [
            7,
            9,
            11,
            23,
            22
        ],
        [
            17,
            16,
            15,
            19,
            18
        ],
        [
            8,
            9,
            11,
            10,
            23,
            22
        ]
    ],
    "d0": 19.433690327427726,
    "d1": 0.0,
    "d2": 0.0,
    "dun": 80.56630967257227,
    "att": 5854.5171763479275,
    "trl": 6098.0,
    "final_fitness": 0.01708082784418107
}