{
    "best_individual": [
        [
            0,
            1,
            2,
            3,
            4,
            5,
            24,
            6
        ],
        [
            6,
            24,
            5,
            29,
            28,
            27
        ],
        [
            7,
            8,
            23,
            10
        ],
        [
            0,
            1,
            2,
            3,
            4,
            28,
            27
        ],
        [
            0,
            1,
            2,
            3,
            29
        ],
        [
            11,
            8,
            9,
            23,
            22,
            7
        ],
        [
            7,
            9,
            11,
            23,
            22
        ],
        [
            17,
            16,
            15,
            19,
            18
        ],
        [
            8,
            9,
            11,
            10
        ]
    ],
    "d0": 18.929631020921335,
    "d1": 0.5040593065063899,
    "d2": 0.0,
    "dun": 80.56630967257227,
    "att": 5856.139358023935,
    "trl": 5298.0,
    "final_fitness": 0.017076096364233975
}